[{"name":"7fdaf4cb-516f-43ec-a1e8-dfb2fbf4494a/python-logo.png","transform":{"targetType":"image","originX":0,"originY":0,"width":1,"height":1,"scale":1}},{"name":"499f27ee-89b0-4d70-8b5c-d04105f4911e/solid-white.png","transform":{"targetType":"image","originX":0,"originY":0,"width":1,"height":1,"scale":1}},{"name":"7fdaf4cb-516f-43ec-a1e8-dfb2fbf4494a/beep-A4.mp3","transform":{"targetType":"audio"}},{"name":"7fdaf4cb-516f-43ec-a1e8-dfb2fbf4494a/beep-C5.mp3","transform":{"targetType":"audio"}},{"name":"7fdaf4cb-516f-43ec-a1e8-dfb2fbf4494a/beep-E5.mp3","transform":{"targetType":"audio"}},{"name":"7fdaf4cb-516f-43ec-a1e8-dfb2fbf4494a/beep-A5.mp3","transform":{"targetType":"audio"}},{"name":"7fdaf4cb-516f-43ec-a1e8-dfb2fbf4494a/apple.png","transform":{"targetType":"image","originX":0,"originY":0,"width":1,"height":1,"scale":1}},{"name":"7fdaf4cb-516f-43ec-a1e8-dfb2fbf4494a/ball.png","transform":{"targetType":"image","originX":0,"originY":0,"width":1,"height":1,"scale":1}},{"name":"7fdaf4cb-516f-43ec-a1e8-dfb2fbf4494a/bird.png","transform":{"targetType":"image","originX":0,"originY":0,"width":1,"height":1,"scale":1}},{"name":"7fdaf4cb-516f-43ec-a1e8-dfb2fbf4494a/bowl.png","transform":{"targetType":"image","originX":0,"originY":0,"width":1,"height":1,"scale":1}}]